{"frames":{"Home Page0.png":{"frame":{"x":0,"y":0,"w":1080,"h":720},"rotated":false,"trimmed":false,"spriteSourceSize":{"x":0,"y":0,"w":1080,"h":720},"sourceSize":{"w":1080,"h":720}},"Home Page1.png":{"frame":{"x":1080,"y":0,"w":1080,"h":720},"rotated":false,"trimmed":false,"spriteSourceSize":{"x":0,"y":0,"w":1080,"h":720},"sourceSize":{"w":1080,"h":720}},"Home Page2.png":{"frame":{"x":2160,"y":0,"w":1080,"h":720},"rotated":false,"trimmed":false,"spriteSourceSize":{"x":0,"y":0,"w":1080,"h":720},"sourceSize":{"w":1080,"h":720}},"Home Page3.png":{"frame":{"x":0,"y":720,"w":1080,"h":720},"rotated":false,"trimmed":false,"spriteSourceSize":{"x":0,"y":0,"w":1080,"h":720},"sourceSize":{"w":1080,"h":720}},"Home Page4.png":{"frame":{"x":1080,"y":720,"w":1080,"h":720},"rotated":false,"trimmed":false,"spriteSourceSize":{"x":0,"y":0,"w":1080,"h":720},"sourceSize":{"w":1080,"h":720}},"Home Page5.png":{"frame":{"x":2160,"y":720,"w":1080,"h":720},"rotated":false,"trimmed":false,"spriteSourceSize":{"x":0,"y":0,"w":1080,"h":720},"sourceSize":{"w":1080,"h":720}},"Home Page6.png":{"frame":{"x":0,"y":1440,"w":1080,"h":720},"rotated":false,"trimmed":false,"spriteSourceSize":{"x":0,"y":0,"w":1080,"h":720},"sourceSize":{"w":1080,"h":720}},"Home Page7.png":{"frame":{"x":1080,"y":1440,"w":1080,"h":720},"rotated":false,"trimmed":false,"spriteSourceSize":{"x":0,"y":0,"w":1080,"h":720},"sourceSize":{"w":1080,"h":720}},"Home Page8.png":{"frame":{"x":2160,"y":1440,"w":1080,"h":720},"rotated":false,"trimmed":false,"spriteSourceSize":{"x":0,"y":0,"w":1080,"h":720},"sourceSize":{"w":1080,"h":720}},"Home Page9.png":{"frame":{"x":0,"y":2160,"w":1080,"h":720},"rotated":false,"trimmed":false,"spriteSourceSize":{"x":0,"y":0,"w":1080,"h":720},"sourceSize":{"w":1080,"h":720}},"Home Page10.png":{"frame":{"x":1080,"y":2160,"w":1080,"h":720},"rotated":false,"trimmed":false,"spriteSourceSize":{"x":0,"y":0,"w":1080,"h":720},"sourceSize":{"w":1080,"h":720}},"Home Page11.png":{"frame":{"x":2160,"y":2160,"w":1080,"h":720},"rotated":false,"trimmed":false,"spriteSourceSize":{"x":0,"y":0,"w":1080,"h":720},"sourceSize":{"w":1080,"h":720}},"Home Page12.png":{"frame":{"x":0,"y":2880,"w":1080,"h":720},"rotated":false,"trimmed":false,"spriteSourceSize":{"x":0,"y":0,"w":1080,"h":720},"sourceSize":{"w":1080,"h":720}}},"meta":{"app":"https://github.com/piskelapp/piskel/","version":"1.0","image":"Home Page.png","format":"RGBA8888","size":{"w":3240,"h":3600}}}