{"frames":{"Ball0.png":{"frame":{"x":0,"y":0,"w":384,"h":384},"rotated":false,"trimmed":false,"spriteSourceSize":{"x":0,"y":0,"w":384,"h":384},"sourceSize":{"w":384,"h":384}},"Ball1.png":{"frame":{"x":384,"y":0,"w":384,"h":384},"rotated":false,"trimmed":false,"spriteSourceSize":{"x":0,"y":0,"w":384,"h":384},"sourceSize":{"w":384,"h":384}},"Ball2.png":{"frame":{"x":0,"y":384,"w":384,"h":384},"rotated":false,"trimmed":false,"spriteSourceSize":{"x":0,"y":0,"w":384,"h":384},"sourceSize":{"w":384,"h":384}}},"meta":{"app":"https://github.com/piskelapp/piskel/","version":"1.0","image":"Ball.png","format":"RGBA8888","size":{"w":768,"h":768}}}